,State,AreaName,M_Poverty,F_Poverty,Med_Income,Med_Income_White,Med_Income_Black,Med_Income_Nat_Am,Med_Income_Asian,Hispanic,Incidence_Rate,Avg_Ann_Incidence,Mortality_Rate,Avg_Ann_Deaths,All_With,All_Without,Population
381,GA,"Appling County, Georgia",1485,2260,37135.0,39981.0,26130.0,,,30907.0,744.0,15,56.3,12,14236,3717,17953
382,GA,"Atkinson County, Georgia",1068,1302,30933.0,34130.0,24598.0,,,24009.0,594.0,5,75.8,6,5771,2497,8268
383,GA,"Bacon County, Georgia",850,1069,37162.0,42561.0,20302.0,,34706.0,42802.0,875.0,11,66.5,8,8681,2020,10701
384,GA,"Baker County, Georgia",287,465,44297.0,51538.0,26806.0,,,,729.0,3,,*,2602,690,3292
385,GA,"Baldwin County, Georgia",5601,7600,32460.0,39592.0,22906.0,,39524.0,,735.0,36,47.3,23,37782,5744,43526
386,GA,"Banks County, Georgia",1497,1529,41472.0,41609.0,34342.0,,36146.0,29375.0,652.0,13,33.8,7,15147,3172,18319
387,GA,"Barrow County, Georgia",5099,5803,52012.0,53176.0,38643.0,,69886.0,41034.0,896.0,55,63.4,37,59296,12502,71798
388,GA,"Bartow County, Georgia",6659,9160,48893.0,51065.0,37979.0,56190.0,56094.0,33259.0,913.0,91,63.2,61,82993,17494,100487
389,GA,"Ben Hill County, Georgia",2511,3513,29994.0,38830.0,18397.0,,,26005.0,84.0,18,65.1,13,13671,3486,17157
390,GA,"Berrien County, Georgia",2088,2835,31835.0,34538.0,26063.0,,,29643.0,782.0,18,54.4,12,13914,4797,18711
391,GA,"Bibb County, Georgia",16798,23813,36519.0,52978.0,25620.0,,62300.0,27026.0,794.0,134,59.1,99,125722,25439,151161
392,GA,"Bleckley County, Georgia",1270,1346,38991.0,46932.0,17738.0,,,,723.0,11,60.1,9,10891,1490,12381
393,GA,"Brantley County, Georgia",1561,2251,37206.0,37212.0,29861.0,,,,878.0,18,74.1,15,13558,4835,18393
394,GA,"Brooks County, Georgia",1864,2401,32663.0,41641.0,19521.0,,,16801.0,769.0,16,51.1,11,12273,3325,15598
395,GA,"Bryan County, Georgia",1939,2548,63327.0,64884.0,54306.0,,37857.0,60219.0,843.0,22,68.1,17,27911,4287,32198
396,GA,"Bulloch County, Georgia",10148,11646,36032.0,41190.0,25995.0,,48967.0,28125.0,786.0,44,56.8,32,59840,11701,71541
397,GA,"Burke County, Georgia",3099,4032,33641.0,49398.0,19626.0,,48438.0,31736.0,859.0,21,51.6,13,18777,3985,22762
398,GA,"Butts County, Georgia",2023,2306,41667.0,50384.0,30746.0,,,124485.0,957.0,25,81.3,20,17440,3559,20999
399,GA,"Calhoun County, Georgia",891,1033,25513.0,40486.0,21366.0,,,,634.0,4,50.2,4,3635,1038,4673
400,GA,"Camden County, Georgia",2795,3570,52473.0,58940.0,38130.0,40250.0,87538.0,63529.0,674.0,29,49.3,21,41559,6243,47802
401,GA,"Candler County, Georgia",1480,1918,30185.0,34518.0,22307.0,,,,829.0,11,62.1,8,7924,2820,10744
402,GA,"Carroll County, Georgia",9360,13081,43586.0,46792.0,32268.0,,30882.0,27139.0,839.0,88,59.0,62,92105,19327,111432
403,GA,"Catoosa County, Georgia",3588,4473,50876.0,50819.0,49981.0,,55652.0,46985.0,656.0,50,49.1,37,55676,9179,64855
404,GA,"Charlton County, Georgia",1140,870,42778.0,41929.0,46875.0,,,46316.0,60.0,9,49.4,7,9274,2507,11781
405,GA,"Chatham County, Georgia",21510,29470,47218.0,55466.0,34807.0,,51606.0,41630.0,652.0,183,44.4,126,223280,48039,271319
406,GA,"Chattahoochee County, Georgia",569,391,43378.0,44877.0,36895.0,,,39677.0,843.0,3,,*,6453,776,7229
407,GA,"Chattooga County, Georgia",2243,3245,32913.0,33927.0,22219.0,,,38750.0,1015.0,31,74.5,23,19081,4288,23369
408,GA,"Cherokee County, Georgia",11323,12950,68926.0,70839.0,67347.0,,61196.0,41363.0,732.0,135,46.7,84,193125,31916,225041
409,GA,"Clarke County, Georgia",18801,21758,32162.0,37856.0,24395.0,,33598.0,27375.0,618.0,52,41.6,36,100169,19749,119918
410,GA,"Clay County, Georgia",579,706,20438.0,41359.0,14797.0,,,,641.0,3,,*,2280,766,3046
411,GA,"Clayton County, Georgia",29093,36694,40938.0,38499.0,41967.0,25700.0,41626.0,34582.0,651.0,115,45.5,79,198052,65944,263996
412,GA,"Clinch County, Georgia",915,1424,24015.0,36016.0,12905.0,,,2499.0,869.0,7,56.0,4,5296,1364,6660
413,GA,"Cobb County, Georgia",40060,47820,65873.0,75041.0,50341.0,34120.0,84976.0,42816.0,603.0,341,40.3,223,595720,118310,714030
414,GA,"Coffee County, Georgia",4089,5886,33965.0,37395.0,23251.0,35083.0,45466.0,26505.0,795.0,34,59.9,25,30286,9289,39575
415,GA,"Colquitt County, Georgia",5622,6464,32409.0,38286.0,22201.0,38482.0,,31474.0,895.0,44,62.0,30,32605,12726,45331
416,GA,"Columbia County, Georgia",5247,7270,71021.0,72414.0,62171.0,,87164.0,52962.0,614.0,73,43.8,53,119833,13376,133209
417,GA,"Cook County, Georgia",1837,2407,35683.0,41234.0,26307.0,38571.0,,30956.0,90.0,17,60.5,12,12555,4334,16889
418,GA,"Coweta County, Georgia",7061,10428,62461.0,66660.0,40190.0,250001.0,68958.0,38823.0,65.0,78,47.4,57,117138,15685,132823
419,GA,"Crawford County, Georgia",984,1138,41825.0,44298.0,28682.0,,,,1007.0,16,65.9,9,10483,1908,12391
420,GA,"Crisp County, Georgia",3161,4307,31615.0,47089.0,17637.0,,,52893.0,723.0,21,59.2,17,18601,4264,22865
421,GA,"Dade County, Georgia",986,1314,46434.0,47377.0,,,,,797.0,17,79.3,16,13697,2599,16296
422,GA,"Dawson County, Georgia",1372,1784,56943.0,57078.0,,,,42721.0,741.0,21,61.8,16,19236,3254,22490
423,GA,"Decatur County, Georgia",3071,4347,31284.0,38125.0,22021.0,55417.0,,50427.0,704.0,23,58.2,19,20724,5338,26062
424,GA,"DeKalb County, Georgia",61067,74402,51376.0,73219.0,42048.0,41875.0,53266.0,36789.0,532.0,311,37.8,216,573911,135032,708943
425,GA,"Dodge County, Georgia",2065,2214,34271.0,41636.0,26994.0,,,17806.0,813.0,20,53.6,13,16051,3160,19211
426,GA,"Dooly County, Georgia",1729,1944,28696.0,30847.0,22813.0,,,38223.0,586.0,10,29.8,5,9935,2684,12619
427,GA,"Dougherty County, Georgia",11753,15804,32084.0,50469.0,26399.0,,,34063.0,734.0,72,60.9,59,72530,19001,91531
428,GA,"Douglas County, Georgia",9856,12262,53881.0,56579.0,49904.0,33500.0,64697.0,47247.0,811.0,90,55.0,59,112675,22668,135343
429,GA,"Early County, Georgia",1293,1623,31680.0,44729.0,20277.0,,,2499.0,615.0,9,60.1,8,8572,1848,10420
430,GA,"Echols County, Georgia",436,734,32959.0,34337.0,,,,23459.0,,3 or fewer,,*,2747,1301,4048
431,GA,"Effingham County, Georgia",2473,3276,63100.0,67761.0,40513.0,,82661.0,62769.0,852.0,41,65.8,29,45807,8249,54056
432,GA,"Elbert County, Georgia",1459,2205,35388.0,41173.0,20120.0,,,39097.0,734.0,20,56.0,15,16347,2956,19303
433,GA,"Emanuel County, Georgia",3151,3549,32229.0,38174.0,23941.0,,2499.0,37156.0,676.0,18,59.3,16,16953,5010,21963
434,GA,"Evans County, Georgia",1127,1730,37865.0,42868.0,31389.0,,,22131.0,688.0,9,54.8,7,8500,1830,10330
435,GA,"Fannin County, Georgia",2047,3357,37049.0,37117.0,,80192.0,,33889.0,732.0,29,46.6,20,19403,4180,23583
436,GA,"Fayette County, Georgia",3883,5246,79066.0,78589.0,80639.0,65714.0,78424.0,51544.0,474.0,57,34.1,40,98350,9448,107798
437,GA,"Floyd County, Georgia",9048,10557,41549.0,46211.0,26090.0,,48675.0,31492.0,811.0,92,55.5,63,77579,16418,93997
438,GA,"Forsyth County, Georgia",5932,7615,88816.0,87872.0,74545.0,80913.0,117064.0,49496.0,606.0,90,35.0,51,173289,22342,195631
439,GA,"Franklin County, Georgia",2253,2869,33816.0,35323.0,23000.0,,,26964.0,814.0,25,64.5,19,18031,3872,21903
440,GA,"Fulton County, Georgia",72577,94814,57207.0,84666.0,36030.0,32048.0,93780.0,43655.0,545.0,431,38.3,298,828254,146923,975177
441,GA,"Gilmer County, Georgia",3541,3123,40228.0,40731.0,,148125.0,151250.0,27931.0,761.0,32,39.1,16,22046,6379,28425
442,GA,"Glascock County, Georgia",237,246,40759.0,44875.0,19514.0,,,,,3 or fewer,,*,2476,516,2992
443,GA,"Glynn County, Georgia",6339,8642,45918.0,55254.0,26347.0,26397.0,40769.0,47688.0,719.0,73,50.9,51,65837,14945,80782
444,GA,"Gordon County, Georgia",5321,5867,41612.0,42847.0,25995.0,,52500.0,32918.0,947.0,55,74.1,43,44597,10753,55350
445,GA,"Grady County, Georgia",3529,4119,34187.0,41419.0,19654.0,,,17961.0,74.0,23,64.5,19,19279,5772,25051
446,GA,"Greene County, Georgia",1870,2163,42408.0,57795.0,22827.0,,49044.0,20473.0,699.0,19,37.3,10,13177,2977,16154
447,GA,"Gwinnett County, Georgia",54558,62995,60289.0,69649.0,52203.0,47143.0,57135.0,38924.0,518.0,288,37.3,200,685291,168839,854130
448,GA,"Habersham County, Georgia",3357,3863,40907.0,41470.0,30000.0,58750.0,44028.0,34929.0,644.0,35,49.3,27,33401,7823,41224
449,GA,"Hall County, Georgia",16393,17727,51202.0,53476.0,33260.0,,53400.0,39501.0,612.0,108,45.6,81,150230,36371,186601
450,GA,"Hancock County, Georgia",835,1278,24925.0,37994.0,22083.0,,,,388.0,5,41.6,5,5941,1072,7013
451,GA,"Haralson County, Georgia",2583,3141,41910.0,42532.0,32054.0,2499.0,36429.0,,944.0,33,76.0,26,23690,4512,28202
452,GA,"Harris County, Georgia",1317,1674,63824.0,74078.0,31464.0,,95139.0,103902.0,62.0,24,45.8,17,28731,3624,32355
453,GA,"Hart County, Georgia",2421,2982,37653.0,39567.0,24020.0,,,35610.0,69.0,25,51.1,19,20281,4382,24663
454,GA,"Heard County, Georgia",1048,1301,41525.0,42512.0,29650.0,13750.0,,18542.0,1046.0,15,64.6,9,9596,1878,11474
455,GA,"Henry County, Georgia",11870,15292,60424.0,62010.0,58448.0,,72840.0,46703.0,603.0,102,46.7,74,180155,30010,210165
456,GA,"Houston County, Georgia",10623,14488,53270.0,58985.0,41191.0,28500.0,52375.0,53719.0,732.0,96,56.4,72,124816,19423,144239
457,GA,"Irwin County, Georgia",1081,1219,34156.0,42619.0,22332.0,,,,834.0,10,68.5,8,7146,1720,8866
458,GA,"Jackson County, Georgia",3770,4544,53379.0,54911.0,31625.0,47974.0,58750.0,47549.0,784.0,50,62.1,37,51447,9453,60900
459,GA,"Jasper County, Georgia",1269,1516,42368.0,43550.0,38393.0,,,,787.0,12,45.2,7,11081,2412,13493
460,GA,"Jeff Davis County, Georgia",1383,1926,36385.0,37822.0,20357.0,,,29866.0,762.0,13,74.9,13,11600,3274,14874
461,GA,"Jefferson County, Georgia",2228,2661,26557.0,41547.0,17467.0,55833.0,,15608.0,628.0,14,68.8,14,12083,3783,15866
462,GA,"Jenkins County, Georgia",1335,1649,24604.0,29552.0,19763.0,,,,686.0,7,60.0,6,6997,1843,8840
463,GA,"Johnson County, Georgia",1064,1061,34438.0,40158.0,16637.0,,,,654.0,8,53.9,7,7577,1658,9235
464,GA,"Jones County, Georgia",2119,2651,51857.0,56293.0,38529.0,,,86806.0,799.0,27,56.7,18,24472,3987,28459
465,GA,"Lamar County, Georgia",1794,1919,40344.0,47421.0,20448.0,,,36146.0,865.0,18,70.7,15,14713,3125,17838
466,GA,"Lanier County, Georgia",1226,1449,37605.0,44768.0,16422.0,,,36625.0,772.0,8,63.3,6,7723,2139,9862
467,GA,"Laurens County, Georgia",5604,7219,32356.0,38798.0,20954.0,,,37019.0,695.0,41,54.6,32,39655,7184,46839
468,GA,"Lee County, Georgia",1356,2061,61537.0,64484.0,51638.0,,50833.0,,832.0,19,62.2,14,24561,3057,27618
469,GA,"Liberty County, Georgia",4963,6084,42201.0,44140.0,40170.0,35694.0,45833.0,43938.0,768.0,30,46.7,18,50089,8093,58182
470,GA,"Lincoln County, Georgia",799,1113,34243.0,36931.0,27500.0,,,,653.0,7,54.5,6,6344,1289,7633
471,GA,"Long County, Georgia",1244,1692,48863.0,51000.0,41222.0,18813.0,,29259.0,889.0,10,60.6,7,13039,2544,15583
472,GA,"Lowndes County, Georgia",13270,15637,36834.0,45193.0,24116.0,103971.0,29704.0,27230.0,653.0,62,52.8,49,87434,21085,108519
473,GA,"Lumpkin County, Georgia",2398,3161,43804.0,44625.0,,,,43571.0,723.0,24,50.0,16,25856,4659,30515
474,GA,"McDuffie County, Georgia",2397,3013,36656.0,50554.0,22130.0,,,17679.0,695.0,18,57.6,14,17256,4035,21291
475,GA,"McIntosh County, Georgia",1296,1660,42988.0,50587.0,27511.0,,,55948.0,55.0,11,39.5,8,11494,2413,13907
476,GA,"Macon County, Georgia",1541,2098,28684.0,41875.0,17660.0,,56645.0,,69.0,11,55.9,9,9598,2687,12285
477,GA,"Madison County, Georgia",2176,2622,41912.0,42850.0,30750.0,45750.0,,28886.0,904.0,31,70.8,23,23398,4658,28056
478,GA,"Marion County, Georgia",640,1196,36242.0,39266.0,26210.0,,,223750.0,646.0,7,56.7,6,6727,1912,8639
479,GA,"Meriwether County, Georgia",2135,2598,35832.0,44852.0,24829.0,,,,668.0,19,54.0,15,17410,3757,21167
480,GA,"Miller County, Georgia",648,960,33983.0,42076.0,17279.0,,,,891.0,8,64.8,6,4785,989,5774
481,GA,"Mitchell County, Georgia",2385,3520,31915.0,39833.0,25763.0,,,28929.0,851.0,23,56.2,15,16351,4420,20771
482,GA,"Monroe County, Georgia",1480,2012,48744.0,54655.0,22596.0,,,58958.0,727.0,24,41.0,13,22133,3513,25646
483,GA,"Montgomery County, Georgia",979,1097,34672.0,38542.0,25243.0,,,36250.0,717.0,7,66.8,6,6974,1617,8591
484,GA,"Morgan County, Georgia",1047,1482,51820.0,58421.0,32572.0,,,,655.0,16,49.2,11,15228,2476,17704
485,GA,"Murray County, Georgia",3685,4080,35539.0,35208.0,,,,48656.0,1031.0,42,69.7,28,31120,8058,39178
486,GA,"Muscogee County, Georgia",16697,22224,42306.0,53668.0,32351.0,61741.0,62361.0,39164.0,703.0,134,51.7,99,158361,28685,187046
487,GA,"Newton County, Georgia",7478,9803,49179.0,51827.0,46070.0,31875.0,62557.0,41530.0,789.0,69,59.5,51,85725,16001,101726
488,GA,"Oconee County, Georgia",1084,1403,72182.0,73102.0,42399.0,250001.0,130643.0,50724.0,468.0,15,34.3,11,30783,3417,34200
489,GA,"Oglethorpe County, Georgia",1054,1262,44226.0,49177.0,24881.0,,,40464.0,754.0,14,44.5,8,12447,2099,14546
490,GA,"Paulding County, Georgia",7439,11006,60109.0,60992.0,57598.0,60068.0,48077.0,52163.0,777.0,83,51.9,51,126889,19849,146738
491,GA,"Peach County, Georgia",2439,3032,41588.0,54362.0,32062.0,,,26215.0,779.0,22,71.9,20,21912,5044,26956
492,GA,"Pickens County, Georgia",1479,1939,54123.0,54863.0,,,,,823.0,34,54.0,22,25393,4075,29468
493,GA,"Pierce County, Georgia",2269,2186,40247.0,43400.0,15809.0,,,34655.0,801.0,18,70.5,16,15068,3722,18790
494,GA,"Pike County, Georgia",1008,1124,51338.0,53792.0,32500.0,,,,756.0,15,62.9,12,14673,2872,17545
495,GA,"Polk County, Georgia",3831,4936,37853.0,39732.0,28987.0,,37756.0,51033.0,102.0,48,77.5,37,33347,7559,40906
496,GA,"Pulaski County, Georgia",655,1274,38750.0,46435.0,22250.0,,,26208.0,506.0,8,37.8,6,8337,1710,10047
497,GA,"Putnam County, Georgia",1912,1534,44299.0,54436.0,32725.0,,,27053.0,744.0,23,55.9,17,17554,3527,21081
498,GA,"Quitman County, Georgia",208,350,31487.0,32069.0,27049.0,,,,1108.0,5,87.2,4,1901,425,2326
499,GA,"Rabun County, Georgia",1544,1914,35211.0,37178.0,,,,,671.0,18,46.3,13,12116,3951,16067
500,GA,"Randolph County, Georgia",1079,1066,28377.0,45208.0,22054.0,,,,566.0,6,40.9,5,5689,1508,7197
501,GA,"Richmond County, Georgia",20943,27555,37424.0,46154.0,31130.0,34861.0,42050.0,43258.0,727.0,148,56.8,113,159789,31860,191649
502,GA,"Rockdale County, Georgia",6535,7620,50455.0,50519.0,50814.0,,54375.0,34393.0,607.0,49,40.3,32,69852,16326,86178
503,GA,"Schley County, Georgia",512,675,39375.0,48864.0,20117.0,,,,699.0,4,,*,3923,1151,5074
504,GA,"Screven County, Georgia",1551,1931,34466.0,42857.0,22873.0,,,,791.0,15,57.0,10,11126,2685,13811
505,GA,"Seminole County, Georgia",594,1001,34905.0,42863.0,21538.0,,,34398.0,664.0,9,38.8,5,6921,1742,8663
506,GA,"Spalding County, Georgia",5975,8263,40246.0,48097.0,24870.0,42885.0,36299.0,33025.0,743.0,55,52.2,38,52339,10455,62794
507,GA,"Stephens County, Georgia",2468,2239,40315.0,42979.0,23784.0,,,,768.0,27,63.1,22,21681,3934,25615
508,GA,"Stewart County, Georgia",693,952,21118.0,45833.0,15295.0,,,,655.0,4,65.0,4,3261,1037,4298
509,GA,"Sumter County, Georgia",4124,5617,32758.0,46492.0,22610.0,,33952.0,22284.0,631.0,22,48.6,17,25688,4838,30526
510,GA,"Talbot County, Georgia",630,661,34078.0,40513.0,25156.0,,,62083.0,732.0,7,61.4,5,5422,1048,6470
511,GA,"Taliaferro County, Georgia",195,316,26306.0,33417.0,23531.0,,,,,3 or fewer,,*,1368,353,1721
512,GA,"Tattnall County, Georgia",2173,3473,33980.0,40830.0,18161.0,,,24150.0,1008.0,26,79.1,20,15864,3560,19424
513,GA,"Taylor County, Georgia",1041,1310,28143.0,36079.0,20049.0,,,,542.0,6,43.1,5,6551,1642,8193
514,GA,"Telfair County, Georgia",1401,2164,26449.0,30054.0,20500.0,,,29278.0,551.0,11,45.6,9,10120,2403,12523
515,GA,"Terrell County, Georgia",1329,1887,28688.0,50152.0,19776.0,,,,63.0,8,53.7,6,7060,1823,8883
516,GA,"Thomas County, Georgia",4943,5392,36641.0,45275.0,24514.0,,50779.0,32552.0,745.0,41,60.6,34,36097,8025,44122
517,GA,"Tift County, Georgia",4841,6531,37653.0,47480.0,23706.0,,,27198.0,714.0,31,54.1,23,30877,9489,40366
518,GA,"Toombs County, Georgia",2769,3905,33679.0,41875.0,22629.0,,,28851.0,74.0,23,58.6,18,20708,6164,26872
519,GA,"Towns County, Georgia",817,1045,37000.0,37199.0,,,,,624.0,15,56.5,12,9110,1526,10636
520,GA,"Treutlen County, Georgia",491,751,38596.0,45664.0,21974.0,,,,785.0,6,61.0,5,5345,1020,6365
521,GA,"Troup County, Georgia",5631,8757,41489.0,49748.0,27204.0,,72557.0,51004.0,711.0,52,50.6,37,56872,10563,67435
522,GA,"Turner County, Georgia",1067,960,31806.0,41092.0,24082.0,,,2499.0,804.0,9,54.9,6,6086,1898,7984
523,GA,"Twiggs County, Georgia",976,1348,30468.0,38080.0,20438.0,,,,918.0,12,57.2,7,7107,1312,8419
524,GA,"Union County, Georgia",1353,1507,40799.0,40645.0,,,48050.0,56319.0,704.0,30,43.5,18,18244,3026,21270
525,GA,"Upson County, Georgia",2988,3149,35774.0,39387.0,27769.0,,,25136.0,878.0,31,56.5,20,21839,4115,25954
526,GA,"Walker County, Georgia",5435,6383,41632.0,42330.0,30093.0,,,57926.0,843.0,72,76.4,65,56417,10572,66989
527,GA,"Walton County, Georgia",4642,7159,54453.0,57341.0,32407.0,21783.0,82011.0,64000.0,679.0,61,53.5,47,74099,11372,85471
528,GA,"Ware County, Georgia",3807,5879,34909.0,40436.0,24617.0,,,37813.0,706.0,32,50.6,22,26688,6685,33373
529,GA,"Warren County, Georgia",619,866,29176.0,42344.0,19915.0,,,,849.0,7,70.4,6,4564,919,5483
530,GA,"Washington County, Georgia",2052,2909,37932.0,52253.0,23329.0,,,21477.0,682.0,17,49.4,12,16012,3163,19175
531,GA,"Wayne County, Georgia",2316,3317,38955.0,44301.0,22129.0,12212.0,,26875.0,762.0,25,59.3,19,21736,6141,27877
532,GA,"Webster County, Georgia",222,386,37063.0,51544.0,30120.0,,,,,3 or fewer,,*,2316,399,2715
533,GA,"Wheeler County, Georgia",404,773,27620.0,30807.0,15475.0,,,,628.0,5,51.2,4,3470,879,4349
534,GA,"White County, Georgia",2364,2831,40888.0,41737.0,32250.0,,,31508.0,698.0,27,47.3,17,23092,4500,27592
535,GA,"Whitfield County, Georgia",8532,10738,40596.0,41076.0,26577.0,,52188.0,36447.0,776.0,79,64.5,64,79910,22785,102695
536,GA,"Wilcox County, Georgia",675,924,32043.0,38750.0,21512.0,,,,649.0,7,45.7,5,5810,1129,6939
537,GA,"Wilkes County, Georgia",1122,1673,32727.0,43893.0,20518.0,,26705.0,30385.0,66.0,10,57.7,9,8233,1585,9818
538,GA,"Wilkinson County, Georgia",661,979,38485.0,44931.0,26989.0,,,37813.0,799.0,11,56.9,8,8137,1150,9287
539,GA,"Worth County, Georgia",1961,2484,37974.0,44709.0,24994.0,,,30688.0,708.0,19,51.3,13,16512,4480,20992
987,KY,"Adair County, Kentucky",1677,2112,33362.0,34163.0,,,,,912.0,21,64.5,15,15847,2704,18551
988,KY,"Allen County, Kentucky",1622,1832,41326.0,40762.0,,,,,829.0,20,67.8,17,16908,3260,20168
989,KY,"Anderson County, Kentucky",1071,1152,53974.0,54574.0,43250.0,,,,951.0,23,78.0,18,19774,1877,21651
990,KY,"Ballard County, Kentucky",521,774,42244.0,44026.0,28250.0,9583.0,,58375.0,943.0,11,76.1,9,7132,994,8126
991,KY,"Barren County, Kentucky",3891,4707,38370.0,38803.0,23452.0,,163583.0,29718.0,1069.0,58,73.0,40,36791,5385,42176
992,KY,"Bath County, Kentucky",1519,1603,33483.0,33913.0,21125.0,,,,109.0,16,77.4,11,10308,1574,11882
993,KY,"Bell County, Kentucky",4422,5811,22443.0,22493.0,17574.0,,50227.0,,995.0,37,73.9,28,23356,3784,27140
994,KY,"Boone County, Kentucky",4171,5985,66730.0,66614.0,57158.0,,75257.0,43333.0,86.0,90,60.1,63,113997,9737,123734
995,KY,"Bourbon County, Kentucky",1367,1905,45208.0,46782.0,26438.0,,,42330.0,934.0,24,56.2,14,17179,2593,19772
996,KY,"Boyd County, Kentucky",3956,5544,42319.0,42632.0,15484.0,,165114.0,,927.0,61,65.3,43,41152,5653,46805
997,KY,"Boyle County, Kentucky",1972,2319,39704.0,40278.0,27109.0,,,24010.0,776.0,29,56.9,21,25127,2970,28097
998,KY,"Bracken County, Kentucky",695,849,36327.0,36469.0,,,,,1206.0,12,92.7,9,7714,667,8381
999,KY,"Breathitt County, Kentucky",2095,2271,25817.0,25635.0,,,123750.0,,1057.0,18,73.2,13,11696,1748,13444
1000,KY,"Breckinridge County, Kentucky",1525,1897,43479.0,44482.0,16250.0,,,42031.0,1102.0,29,80.0,21,17155,2627,19782
1001,KY,"Bullitt County, Kentucky",3531,4380,55975.0,56590.0,,,54286.0,63177.0,909.0,70,59.8,44,71081,5526,76607
1002,KY,"Butler County, Kentucky",1636,2031,33536.0,33086.0,,,,,872.0,14,76.6,12,11057,1563,12620
1003,KY,"Caldwell County, Kentucky",1119,1425,42537.0,42894.0,36324.0,,,,1039.0,19,88.0,16,11288,1412,12700
1004,KY,"Calloway County, Kentucky",3642,4373,37034.0,38851.0,28405.0,2499.0,2499.0,19406.0,791.0,35,57.1,25,33357,4307,37664
1005,KY,"Campbell County, Kentucky",5671,7212,54621.0,55738.0,19531.0,,92829.0,24258.0,945.0,93,67.3,65,80673,9338,90011
1006,KY,"Carlisle County, Kentucky",388,582,38829.0,38934.0,25357.0,,,82829.0,952.0,7,61.5,5,4233,681,4914
1007,KY,"Carroll County, Kentucky",1409,1489,41439.0,42291.0,14891.0,,,23077.0,1207.0,15,69.9,9,8890,1703,10593
1008,KY,"Carter County, Kentucky",2153,2529,36696.0,36814.0,,,,19178.0,103.0,35,73.5,25,22926,4086,27012
1009,KY,"Casey County, Kentucky",1878,2091,32341.0,32644.0,26607.0,,,,1086.0,23,98.5,21,12969,2654,15623
1010,KY,"Christian County, Kentucky",5438,8138,39521.0,42874.0,26444.0,22969.0,55417.0,28214.0,849.0,53,62.4,39,56283,8883,65166
1011,KY,"Clark County, Kentucky",2194,3207,47959.0,48616.0,27044.0,,98438.0,27404.0,934.0,40,67.4,29,31301,3931,35232
1012,KY,"Clay County, Kentucky",3730,4002,21549.0,21444.0,23625.0,57500.0,,,1186.0,28,96.5,22,17406,2238,19644
1013,KY,"Clinton County, Kentucky",1078,1357,28025.0,28225.0,,,,16786.0,1117.0,16,80.5,11,8753,1283,10036
1014,KY,"Crittenden County, Kentucky",950,1024,35316.0,35693.0,14091.0,,,,766.0,10,78.8,10,7617,1411,9028
1015,KY,"Cumberland County, Kentucky",652,1030,32019.0,32294.0,21786.0,,,,964.0,10,67.9,7,5542,1177,6719
1016,KY,"Daviess County, Kentucky",6723,8225,45989.0,47450.0,24767.0,26250.0,37083.0,27500.0,1102.0,130,78.1,92,87384,9048,96432
1017,KY,"Edmonson County, Kentucky",971,1325,41710.0,41794.0,,,,,856.0,14,70.5,12,10861,1147,12008
1018,KY,"Elliott County, Kentucky",1023,1056,28224.0,28257.0,,,,,738.0,8,58.5,6,5881,822,6703
1019,KY,"Estill County, Kentucky",1957,2242,29770.0,29778.0,,,,,1246.0,24,83.5,16,12427,1923,14350
1020,KY,"Fayette County, Kentucky",26117,29783,49778.0,55636.0,28366.0,35234.0,65154.0,34907.0,74.0,206,52.2,145,268942,34064,303006
1021,KY,"Fleming County, Kentucky",1232,1675,35469.0,35681.0,,,,,905.0,16,61.1,11,11848,2696,14544
1022,KY,"Floyd County, Kentucky",5471,5970,30096.0,30073.0,,53929.0,250001.0,,1494.0,73,98.7,47,32748,5342,38090
1023,KY,"Franklin County, Kentucky",3195,3795,47964.0,50529.0,38305.0,,64569.0,27440.0,93.0,56,75.9,45,43681,5140,48821
1024,KY,"Fulton County, Kentucky",763,878,28359.0,33682.0,15731.0,,,27250.0,1124.0,11,88.9,9,5133,859,5992
1025,KY,"Gallatin County, Kentucky",589,705,48370.0,49114.0,,,,40139.0,104.0,9,83.8,8,7222,1235,8457
1026,KY,"Garrard County, Kentucky",1729,1924,44243.0,44417.0,30966.0,,,37206.0,978.0,21,79.6,16,14541,2332,16873
1027,KY,"Grant County, Kentucky",1914,2531,44824.0,44193.0,,,,85060.0,958.0,23,64.4,15,21557,2687,24244
1028,KY,"Graves County, Kentucky",2715,3627,39530.0,41790.0,16333.0,,,38474.0,858.0,43,72.8,36,32736,4335,37071
1029,KY,"Grayson County, Kentucky",2731,3388,35030.0,35438.0,,,,,1297.0,43,87.9,28,22092,3509,25601
1030,KY,"Green County, Kentucky",1047,1169,34982.0,36113.0,,,,,864.0,14,68.4,11,9795,1240,11035
1031,KY,"Greenup County, Kentucky",2848,3507,45370.0,45577.0,,,131136.0,71176.0,1074.0,54,71.9,36,31504,4549,36053
1032,KY,"Hancock County, Kentucky",654,706,50476.0,50420.0,58594.0,,,,819.0,9,81.4,9,7882,732,8614
1033,KY,"Hardin County, Kentucky",5818,9068,50765.0,50156.0,55642.0,,64167.0,51656.0,1015.0,104,69.3,71,91968,9754,101722
1034,KY,"Harlan County, Kentucky",3763,4898,25814.0,25892.0,23417.0,15833.0,250001.0,,1276.0,48,95.3,34,23862,4058,27920
1035,KY,"Harrison County, Kentucky",1749,2320,35681.0,36803.0,,,,30259.0,958.0,23,65.1,15,15644,2800,18444
1036,KY,"Hart County, Kentucky",2082,2425,34774.0,35542.0,20000.0,,,41806.0,1145.0,27,90.2,21,15355,2832,18187
1037,KY,"Henderson County, Kentucky",3810,4792,41036.0,42762.0,24167.0,,59318.0,36625.0,978.0,54,67.5,38,40640,4788,45428
1038,KY,"Henry County, Kentucky",1226,1572,46495.0,46990.0,29773.0,,,,1093.0,21,89.3,17,13686,1691,15377
1039,KY,"Hickman County, Kentucky",284,391,41218.0,42468.0,23250.0,,,,80.0,6,66.4,5,3905,615,4520
1040,KY,"Hopkins County, Kentucky",3301,4498,42346.0,43829.0,28750.0,,,51458.0,899.0,55,66.6,41,39965,5544,45509
1041,KY,"Jackson County, Kentucky",1963,2200,29826.0,29925.0,,,,,1183.0,20,104.6,17,11049,2156,13205
1042,KY,"Jefferson County, Kentucky",54397,67286,48695.0,54330.0,29245.0,50214.0,64884.0,39010.0,896.0,759,60.5,512,668296,79273,747569
1043,KY,"Jessamine County, Kentucky",4128,5062,50558.0,51302.0,32083.0,43750.0,,30809.0,89.0,44,59.7,29,44189,5561,49750
1044,KY,"Johnson County, Kentucky",2721,3256,35570.0,35482.0,,,111250.0,2499.0,113.0,33,92.5,27,20436,2471,22907
1045,KY,"Kenton County, Kentucky",10164,13268,54296.0,56285.0,24928.0,18688.0,53750.0,45236.0,903.0,145,65.0,102,144789,16668,161457
1046,KY,"Knott County, Kentucky",1935,2373,30411.0,30757.0,23333.0,,,,1161.0,23,85.9,17,13628,2190,15818
1047,KY,"Knox County, Kentucky",4551,5542,26599.0,26499.0,38750.0,,,33526.0,125.0,50,85.9,33,27263,4200,31463
1048,KY,"Larue County, Kentucky",1058,1402,38578.0,39216.0,33631.0,,,,746.0,14,60.6,11,12402,1465,13867
1049,KY,"Laurel County, Kentucky",6216,7372,36020.0,35971.0,,26071.0,60405.0,42661.0,891.0,61,74.4,50,50472,8539,59011
1050,KY,"Lawrence County, Kentucky",1619,1929,35935.0,36222.0,,,,63224.0,1139.0,22,85.1,16,13698,2011,15709
1051,KY,"Lee County, Kentucky",952,1051,22698.0,22759.0,,,,,1177.0,11,90.8,9,5439,855,6294
1052,KY,"Leslie County, Kentucky",1360,1691,25872.0,26399.0,,,,,1518.0,22,110.3,16,9444,1305,10749
1053,KY,"Letcher County, Kentucky",3158,3456,30333.0,30367.0,,,,,1185.0,37,96.1,29,20369,3111,23480
1054,KY,"Lewis County, Kentucky",1885,2266,28630.0,28691.0,,,,,1126.0,19,84.1,14,11620,2022,13642
1055,KY,"Lincoln County, Kentucky",2656,3383,37139.0,37109.0,36797.0,,,125194.0,985.0,31,71.6,22,20701,3586,24287
1056,KY,"Livingston County, Kentucky",518,844,42171.0,41909.0,,,,,1131.0,16,81.6,12,8528,804,9332
1057,KY,"Logan County, Kentucky",2411,2692,38570.0,40257.0,18370.0,,,,1035.0,36,77.8,26,22787,3793,26580
1058,KY,"Lyon County, Kentucky",340,662,46931.0,46921.0,,,,,864.0,12,59.5,8,6287,774,7061
1059,KY,"McCracken County, Kentucky",4614,6149,44067.0,46536.0,25146.0,,95455.0,37162.0,809.0,72,55.6,49,57588,6673,64261
1060,KY,"McCreary County, Kentucky",3259,3464,19328.0,19340.0,,,,,1575.0,31,111.1,22,14489,1933,16422
1061,KY,"McLean County, Kentucky",1026,957,40770.0,41250.0,53250.0,,,31250.0,1017.0,14,68.1,9,8464,952,9416
1062,KY,"Madison County, Kentucky",7821,8971,42390.0,43664.0,20463.0,,47132.0,28967.0,916.0,76,73.8,60,75780,9247,85027
1063,KY,"Magoffin County, Kentucky",1659,2013,28500.0,28467.0,,,,,1097.0,16,73.0,10,11141,1737,12878
1064,KY,"Marion County, Kentucky",1646,2138,38826.0,40385.0,22004.0,,56765.0,36354.0,1008.0,22,69.1,15,16819,1855,18674
1065,KY,"Marshall County, Kentucky",1524,1763,45212.0,45610.0,,,,41932.0,829.0,40,60.9,29,28096,2565,30661
1066,KY,"Martin County, Kentucky",1753,2143,25795.0,25940.0,,,,,1451.0,20,109.1,14,9449,1682,11131
1067,KY,"Mason County, Kentucky",1549,1538,38824.0,40041.0,20365.0,,,,1237.0,27,86.6,19,15105,1884,16989
1068,KY,"Meade County, Kentucky",2187,2623,49884.0,50524.0,39609.0,,,57383.0,1181.0,33,87.0,24,24700,3517,28217
1069,KY,"Menifee County, Kentucky",917,934,31503.0,32037.0,,,,,1246.0,11,106.0,9,5416,850,6266
1070,KY,"Mercer County, Kentucky",1709,2153,42083.0,42638.0,41429.0,,,69500.0,933.0,27,67.2,19,18895,2286,21181
1071,KY,"Metcalfe County, Kentucky",932,1226,32294.0,33458.0,17292.0,,,30893.0,1077.0,15,84.0,11,8212,1679,9891
1072,KY,"Monroe County, Kentucky",1363,1574,31045.0,30870.0,39539.0,,,31442.0,1068.0,16,84.3,12,9477,1118,10595
1073,KY,"Montgomery County, Kentucky",3141,3815,39275.0,39172.0,29079.0,,,,948.0,29,68.7,21,23000,3808,26808
1074,KY,"Morgan County, Kentucky",1464,1785,29707.0,29946.0,,,,,989.0,16,81.5,13,10453,1319,11772
1075,KY,"Muhlenberg County, Kentucky",2750,3250,38961.0,39846.0,22715.0,,,,1026.0,42,77.3,32,26464,3819,30283
1076,KY,"Nelson County, Kentucky",3347,3725,49298.0,50470.0,28939.0,25833.0,55962.0,11462.0,904.0,42,64.2,30,40245,4025,44270
1077,KY,"Nicholas County, Kentucky",754,870,36097.0,36763.0,23750.0,,,,1065.0,10,89.6,8,5864,1105,6969
1078,KY,"Ohio County, Kentucky",2466,2742,40189.0,39814.0,,,,44250.0,1248.0,38,94.6,28,21209,2543,23752
1079,KY,"Oldham County, Kentucky",1271,2232,85452.0,85894.0,81250.0,65690.0,167344.0,49375.0,772.0,43,51.6,27,55641,3178,58819
1080,KY,"Owen County, Kentucky",810,970,41934.0,42342.0,36574.0,,,35417.0,912.0,12,50.6,7,9736,956,10692
1081,KY,"Owsley County, Kentucky",810,900,20985.0,20618.0,,,,,1481.0,9,118.5,8,3987,547,4534
1082,KY,"Pendleton County, Kentucky",875,1313,48353.0,49368.0,,,,93693.0,979.0,16,67.4,11,13184,1234,14418
1083,KY,"Perry County, Kentucky",2903,3991,32667.0,31911.0,93000.0,,,,1397.0,49,125.6,43,23526,3865,27391
1084,KY,"Pike County, Kentucky",6146,8110,33183.0,32965.0,41821.0,,,30147.0,123.0,98,85.4,67,55670,7026,62696
1085,KY,"Powell County, Kentucky",1361,2031,29736.0,30476.0,,,,16688.0,1529.0,23,125.3,18,10682,1543,12225
1086,KY,"Pulaski County, Kentucky",7900,8597,34790.0,34838.0,27907.0,77782.0,43906.0,18510.0,936.0,80,74.7,63,55451,7386,62837
1087,KY,"Robertson County, Kentucky",215,258,31741.0,31830.0,,,,,1118.0,4,,*,1950,197,2147
1088,KY,"Rockcastle County, Kentucky",1907,2198,31555.0,31778.0,,,,,1181.0,25,89.2,19,14872,1772,16644
1089,KY,"Rowan County, Kentucky",2340,3070,36860.0,35812.0,41224.0,,,,924.0,22,69.6,16,20119,3268,23387
1090,KY,"Russell County, Kentucky",2055,2420,30720.0,30930.0,41500.0,,,,1024.0,25,84.1,21,14958,2567,17525
1091,KY,"Scott County, Kentucky",2152,3180,63027.0,65456.0,40868.0,,74625.0,34120.0,873.0,37,59.5,24,45300,4641,49941
1092,KY,"Shelby County, Kentucky",2671,2895,60324.0,61765.0,40270.0,,,28833.0,766.0,36,47.8,22,37662,5313,42975
1093,KY,"Simpson County, Kentucky",1486,1987,39679.0,45173.0,25527.0,,,8657.0,1065.0,22,81.7,17,15155,2231,17386
1094,KY,"Spencer County, Kentucky",577,889,63000.0,63492.0,91140.0,,,60577.0,848.0,15,59.0,10,16188,1266,17454
1095,KY,"Taylor County, Kentucky",2390,3268,33340.0,33879.0,25887.0,,,,1002.0,32,81.6,26,21100,3538,24638
1096,KY,"Todd County, Kentucky",927,1350,40497.0,42892.0,29779.0,,,,831.0,12,65.1,9,9854,2438,12292
1097,KY,"Trigg County, Kentucky",1030,1470,44083.0,45793.0,23917.0,,,57692.0,946.0,20,80.6,17,11887,2279,14166
1098,KY,"Trimble County, Kentucky",737,749,47409.0,47091.0,,,,51810.0,1132.0,12,91.9,9,7661,1122,8783
1099,KY,"Union County, Kentucky",2171,1920,40120.0,41385.0,18750.0,,,41250.0,1064.0,17,78.2,13,12883,2100,14983
1100,KY,"Warren County, Kentucky",9159,11888,44911.0,48292.0,31564.0,58558.0,38750.0,35335.0,913.0,100,65.5,70,103867,13811,117678
1101,KY,"Washington County, Kentucky",969,1065,40976.0,42935.0,34429.0,,,12222.0,805.0,12,60.6,9,10535,1250,11785
1102,KY,"Wayne County, Kentucky",2505,2972,28573.0,29326.0,,,,13966.0,1017.0,28,79.5,22,17806,2541,20347
1103,KY,"Webster County, Kentucky",1117,1179,38917.0,39085.0,36806.0,,,31528.0,1091.0,19,73.7,13,11506,1558,13064
1104,KY,"Whitley County, Kentucky",4030,4841,31014.0,31014.0,16346.0,102778.0,,,1224.0,50,95.6,39,30591,4582,35173
1105,KY,"Wolfe County, Kentucky",1537,1521,20504.0,20818.0,,,,,1183.0,11,77.6,7,6283,853,7136
1106,KY,"Woodford County, Kentucky",1279,1980,58750.0,60568.0,37000.0,,,33803.0,682.0,20,51.9,15,22888,2311,25199
